format	fm-lint-telemetry-v1
git_head	83df4d1d978cfdf73b6bdc1c33843dd1bd4e7731
content_cksum	2140956371-10762
shellcheck_version	0.11.0
analysis_mode	full
partition	2of2
jobs	1
root_bounds_enforced	1
root_deadline_seconds	1200
root_kill_grace_seconds	5
root_memory_limit_kib	12582912
root_timing_mechanism	perl
root_count	226
direct_lines	165524
direct_bytes	8051030
source_directives	442
source_boundary_directives	64
source_followed_directives	378
source_target_count	68
shard_1_weight_bytes	4025507
shard_2_weight_bytes	4025523
wall_seconds	767
worker_wall_sum_seconds	766.21
max_worker_wall_seconds	487.79
user_seconds	711.65
system_seconds	44.89
max_worker_rss_kib	8311712
worker_rss_sum_kib	12511996
shellcheck_processes_start	0
shellcheck_processes_end	0
load_average_start	35.98/33.81/29.85
load_average_end	23.12/30.89/31.13
aggregate_cpu_percent_start	1061.10
aggregate_cpu_percent_end	847.90
result_exit	0
